,author_id,lang,text,created_at,id
0,1237043080957739008,en,"Did touches to a few tasks today, but for most of the time I spent starring at the screen, I tried creating a new project in Django virtual environment. Yet to complete it though.

#Day6
#100DaysOfCode
#Python
#PythonProgramming https://t.co/3zMJM7W1gU",2022-06-17T22:05:41.000Z,1537919437747105797
1,822467311361818625,en,"HEY DEVS, TAKE THIS SURVEY &amp;  WIN A MACBOOK
https://t.co/RLKrSg1Llq

#MachineLearning #DataScience #pastor #BigData #Analytics #Python #TensorFlow #JavaScript #ReactJS #CloudComputing #ASUU  #Linux #Programming #Coding #100DaysofCode #NodeJS #golang #IoT #webdevelopment
#bitcoins https://t.co/Z48DUOepSp",2022-06-17T22:05:19.000Z,1537919345627500546
2,822467311361818625,en,"HEY DEVS, TAKE THIS SURVEY &amp;  WIN A MACBOOK
https://t.co/RLKrSg1Llq

#MachineLearning #DataScience #pastor #BigData #Analytics #Python #TensorFlow #JavaScript #ReactJS #CloudComputing #ASUU  #Linux #Programming #Coding #100DaysofCode #NodeJS #golang #IoT #webdevelopment
#bitcoins https://t.co/XWvsgmZ1kd",2022-06-17T22:04:35.000Z,1537919159253708800
3,1525520317774548992,en,"Pay us to do or write your 
#Assignments 
#calculus 
#homework
#Homeworkhelp 
#summerclasses 
#Onlineclass 
#essayhelp 
#Essaydue 
#essaywrite 
#Essays
#Music
#Art
#Law 
#Javascript
#Python
#Programming
#CodeNewbies 
#100daysofcode

@OnlineC94751286
Dm us now for help https://t.co/zO37O3TzcQ",2022-06-17T22:04:28.000Z,1537919129021140993
4,822467311361818625,en,"HEY DEVS, TAKE THIS SURVEY &amp;  WIN A MACBOOK
https://t.co/RLKrSg1Llq

#MachineLearning #DataScience #pastor #BigData #Analytics #Python #TensorFlow #JavaScript #ReactJS #CloudComputing #ASUU  #Linux #Programming #Coding #100DaysofCode #NodeJS #golang #IoT #webdevelopment
#bitcoins https://t.co/afm7pvMCJS",2022-06-17T22:04:09.000Z,1537919050864463872
5,822467311361818625,en,"HEY DEVS, TAKE THIS SURVEY &amp;  WIN A MACBOOK
https://t.co/RLKrSg1Llq

#MachineLearning #DataScience #pastor #BigData #Analytics #Python #TensorFlow #JavaScript #ReactJS #CloudComputing #ASUU  #Linux #Programming #Coding #100DaysofCode #NodeJS #golang #IoT #webdevelopment
#bitcoins https://t.co/hawYThso9j",2022-06-17T22:03:39.000Z,1537918926809509893
6,822467311361818625,en,"HEY DEVS, TAKE THIS SURVEY &amp;  WIN A MACBOOK
https://t.co/RLKrSg1Llq

#MachineLearning #DataScience #pastor #BigData #Analytics #Python #TensorFlow #JavaScript #ReactJS #CloudComputing #ASUU  #Linux #Programming #Coding #100DaysofCode #NodeJS #golang #IoT #webdevelopment
#bitcoins https://t.co/F3OwhUUla3",2022-06-17T22:03:13.000Z,1537918817640148995
7,822467311361818625,en,"HEY DEVS, TAKE THIS SURVEY &amp;  WIN A MACBOOK
https://t.co/RLKrSg1Llq

#MachineLearning #DataScience #pastor #BigData #Analytics #Python #TensorFlow #JavaScript #ReactJS #CloudComputing #ASUU  #Linux #Programming #Coding #100DaysofCode #NodeJS #golang #IoT #webdevelopment
#bitcoins https://t.co/ZEOVeuTyW4",2022-06-17T22:02:40.000Z,1537918676384395272
8,822467311361818625,en,"HEY DEVS, TAKE THIS SURVEY &amp;  WIN A MACBOOK
https://t.co/RLKrSg1Llq

#MachineLearning #DataScience #pastor #BigData #Analytics #Python #TensorFlow #JavaScript #ReactJS #CloudComputing #ASUU  #Linux #Programming #Coding #100DaysofCode #NodeJS #golang #IoT #webdevelopment
#bitcoins https://t.co/MfCzKkVCuE",2022-06-17T22:02:11.000Z,1537918555533942784
9,822467311361818625,en,"HEY DEVS, TAKE THIS SURVEY &amp;  WIN A MACBOOK
https://t.co/RLKrSg1Llq

#MachineLearning #DataScience #pastor #BigData #Analytics #Python #TensorFlow #JavaScript #ReactJS #CloudComputing #ASUU  #Linux #Programming #Coding #100DaysofCode #NodeJS #golang #IoT #webdevelopment
#bitcoins https://t.co/nfgrSWcqDH",2022-06-17T22:01:46.000Z,1537918453008412672
10,822467311361818625,en,"HEY DEVS, TAKE THIS SURVEY &amp;  WIN A MACBOOK
https://t.co/RLKrSg1Llq

#MachineLearning #DataScience #pastor #BigData #Analytics #Python #TensorFlow #JavaScript #ReactJS #CloudComputing #ASUU  #Linux #Programming #Coding #100DaysofCode #NodeJS #golang #IoT #webdevelopment
#bitcoins https://t.co/oH6B5ZKJSz",2022-06-17T22:01:02.000Z,1537918268404400128
11,822467311361818625,en,"HEY DEVS, TAKE THIS SURVEY &amp;  WIN A MACBOOK
https://t.co/RLKrSg1Llq

#MachineLearning #DataScience #pastor #BigData #Analytics #Python #TensorFlow #JavaScript #ReactJS #CloudComputing #ASUU  #Linux #Programming #Coding #100DaysofCode #NodeJS #golang #IoT #webdevelopment
#bitcoins https://t.co/kNjhMfb6uV",2022-06-17T22:00:38.000Z,1537918167615385600
12,1221171513250013184,en,"üì∫ CONTINUE in Python FOR Loops - Python Tutorial for Beginners [VIDEO]

#python #developer #programming #learnpython #100DaysOfCode

https://t.co/yOK7Mv5Mnb",2022-06-17T22:00:20.000Z,1537918088376504320
13,291831562,en,"4,000 Robots Roam the Oceans, Climate in Their Crosshairs

Know more: https://t.co/HfFU81V0Zq

#MachineLearning¬†#AI¬†#Python¬†#DataScience¬†#BigData¬†
#DeepLearning¬†#IoT¬†#NLP¬†#100DaysOfCode¬†#5G¬†#robots¬†
#tech¬†#ArtificialIntelligence¬†#cloud¬†#4IR¬†#cybersecurity https://t.co/Ng0lW6ZHR0",2022-06-17T22:00:06.000Z,1537918032462241793
14,4263007693,en,"Rubik's Code for #ReinforcementLearning with #Python and #TensorFlow. #BigData #Analytics #DataScience #AI #MachineLearning #IoT #IIoT #RStats #Java #JavaScript #ReactJS #CloudComputing #Serverless #DataScientist #Linux #Programming #Coding #100DaysofCode 
https://t.co/BEp3adoPOr https://t.co/xetdnxLTDz",2022-06-17T22:00:04.000Z,1537918024895737865
15,1332714745871421443,en,"NEED a #JOB?
Sign up now https://t.co/o7lVlsl75X
FREE. NO MIDDLEMAN
#AI #Transport #Python #coding #SelfDrivingCars #100DaysOfCode #digitalart #Industry40 #tech #Robotics #NFTs #cryptocurrency #GameFi #WEB3 #DeFi #DAOs #Metaverse #nftart #HR #Webb #BTC #ETH #Meta #NFT #gamedev https://t.co/TUwfPJToIm",2022-06-17T22:00:00.000Z,1537918005413289985
16,822467311361818625,en,"HEY DEVS, TAKE THIS SURVEY &amp;  WIN A MACBOOK
https://t.co/RLKrSg1Llq

#MachineLearning #DataScience #pastor #BigData #Analytics #Python #TensorFlow #JavaScript #ReactJS #CloudComputing #ASUU  #Linux #Programming #Coding #100DaysofCode #NodeJS #golang #IoT #webdevelopment
#bitcoins https://t.co/0p5LCKKjhf",2022-06-17T21:59:56.000Z,1537917987599941634
17,822467311361818625,en,"HEY DEVS, TAKE THIS SURVEY &amp;  WIN A MACBOOK
https://t.co/RLKrSg1Llq

#MachineLearning #DataScience #pastor #BigData #Analytics #Python #TensorFlow #JavaScript #ReactJS #CloudComputing #ASUU  #Linux #Programming #Coding #100DaysofCode #NodeJS #golang #IoT #webdevelopment
#bitcoins https://t.co/jq4NMnbJUa",2022-06-17T21:59:16.000Z,1537917822361145350
18,1101121977870438400,en,"@ColdeSarah @Team___RSRA All delete latter ‚Äò May I got beamed twitter‚Äô  I tweet some and be a famous ‚Äò people start following me ‚Äò ((not allowing )
I‚Äôm only learner ‚Äò before sent try to make my in low quality ‚Äò #100DaysOfCode #javascript #Python #programming #ShaahYaan",2022-06-17T21:58:17.000Z,1537917572988882945
19,4263007693,en,"AI Best: GP Pulipaka's Instagram 7974 Posts. #BigData #Analytics #DataScience #AI #MachineLearning #IoT #IIoT #Python #RStats #TensorFlow #Java #JavaScript #ReactJS #CloudComputing #Serverless #DataScientist #Linux #Programming #Coding #100DaysofCode  
https://t.co/dJwyDoSMT0 https://t.co/xXs4PeKd7h",2022-06-17T21:57:03.000Z,1537917265626075138
20,832636743602028544,en,"DM for assignment help
#payessay
#Homeworkhelp
#EssayHelp
#Essaydue #Assignmenthelp
#payhomework
#paysomeone
#payresearch
#paypaperdue
#paydiscussion
#onlineclass 
#paystatistics
#python 
#Essay 
#100DaysOfCode
#WomenWhoCode
#NodeJS #IoT #javascript https://t.co/HGIV2y7fgs",2022-06-17T21:56:30.000Z,1537917126555492352
21,1174345501875081218,en,"Let experts handle your work 
#Excel
#Assignments 
#calculus 
#homework
Paper pay
#Homeworkhelp 
#Onlineclass 
#essayhelp 
#essaypay 
#Essaydue 
#essaywrite 
#Essays 
#Python
#100DaysOfCode 
Dm @onlinewriters7",2022-06-17T21:56:29.000Z,1537917122965229568
22,1403337284125171712,en,"Hire us to do your
*Project
*Math
*Essay due
*Pay write
*English
*Paper pay
*Case study
*Quiz
*Do my homework
*Online classes
*Python..
*Philosophy 
*Book review
#100DaysOfCode
#NodeJS
#javascript
#python
#WomenWhoCode
Email topgrades004@gmail.com",2022-06-17T21:56:19.000Z,1537917079654785024
23,832636743602028544,en,"DM for assignment help
#payessay
#Homeworkhelp
#EssayHelp
#Essaydue #Assignmenthelp
#payhomework
#paysomeone
#payresearch
#paypaperdue
#paydiscussion
#paycasestudy 
#Essaypay
#onlineclass 
#paystatistics
#python 
#Essay 
#100DaysOfCode
#WomenWhoCode
#NodeJS #IoT #javascript",2022-06-17T21:56:17.000Z,1537917072717455360
24,1104788038633357313,en,"#Day30of100 So, today I used the already built-in python module #tkinter to create a PW manager, save the password in a file, show a popup message to notify you of the details entered, and also generate a PW that can be copied and pasted using #pyperclip. 
#python #100DaysOfCode https://t.co/JPeQi9ucCL",2022-06-17T21:55:53.000Z,1537916970707718161
25,1174345501875081218,en,"For academic solutions:
 #essay pay 
#Python
Biology papers
Maths
#Essaydue
#Homework
#Essayhelp
#Coding
#programming 
#Econometrics
#javascript
#WomenWhoCode
English 
#Assignment
#100DaysOfCode
#javascript
HMU @onlinewriters7",2022-06-17T21:54:42.000Z,1537916672404647938
26,1343372118,en,"We deliver unique work üåπ   
 ‚ö°Ô∏è DM for value-based services  
 #python 
 #Paper pay 
 #homework 
 #Paper pay
 #Case study 
 #Math
 #Paper pay 
 #100DaysOfCode
 #homework 
 #Essaypay 
 #python 
 #essaywrite 
 üê¢ 
 üå∏ 

 https://t.co/MrEPSqHB5x",2022-06-17T21:54:27.000Z,1537916611088089088
27,1356359301565186049,en,"Ô£ø All My Fans Are Intelligent ü§ñ
#Python #Roblox #IoT #IIoT #Azure #PyTorch #Cython #RStats #DotNet #Web3 #Java #BTSV #ADA #CSharp #Flutter #SQL #TensorFlow #DeFi @KIIARA #JavaScript #ReactJS #Serverless #Linux #Security #NFT 
#AI #CSS #WordPress #HTML #DevOps #100DaysOfCode #Ad https://t.co/CvDpZU7guF",2022-06-17T21:51:10.000Z,1537915784885723137
28,436376366,en,"Day 45 of #100DaysOfCode in #Python via Udemy.

Topics:
‚úîÔ∏è Web Scraping with Beautiful Soup https://t.co/BhqG2Ooub7",2022-06-17T21:50:32.000Z,1537915624600395776
29,1101121977870438400,en,"@ColdeSarah @Team___RSRA This is my answer ‚Äò No Facebook account ‚Äò Can track me? Does Fb khow ‚Äò(via Data) who is Elon Mask ‚Äò And big gun Snowden? 
Facebook more khow then  Elon mask and Snowden ‚Äò ((details long‚Äônot allowed me )) #100DaysOfCode #javascript #Python #ShaahYaan",2022-06-17T21:50:28.000Z,1537915608024592385
30,1243665419501744133,en,"""Eighty percent of success is showing up. ""- Woody Allen #softwareengineer #javascript #python #C++ #golang #nodejs #reactjs #stockopertor #highgrowthstocks $SPX $QQQ $RUT $VIX #canslim #100DaysOfCode",2022-06-17T21:50:27.000Z,1537915602831953921
31,1332714745871421443,en,"NEED a #JOB?
Sign up now https://t.co/o7lVlsCHXv
FREE. NO MIDDLEMAN
#AI #Transport #Python #coding #SelfDrivingCars #100DaysOfCode #digitalart #Industry40 #tech #Robotics #NFTs #cryptocurrency #GameFi #WEB3 #DeFi #DAOs #Metaverse #nftart #HR #Webb #BTC #ETH #Meta #NFT #gamedev https://t.co/D5yfstXAi8",2022-06-17T21:50:00.000Z,1537915488704946181
32,1502739326580494337,en,"Day 4 #100DaysOfCode 
W3resource is really a great platform‚Ä¶.
Hands on several python exercises 
Pythonpad for iOS is a great offline tutorial 
#100DaysOfCode 
#Python #CODESYANNIVERSARY #PrograminLovers",2022-06-17T21:49:20.000Z,1537915321411022849
33,1516674366137896963,en,"Day 56 of #100daysofcode 

Still on Pandas. Im starting to get a hang of it. Watched a yt video by @keithgalli where he used a pokemon dataset and it was fucking great. His 1 hour video did more for me than codecademy lessons.

üîóhttps://t.co/ZaODvBELxD",2022-06-17T21:49:18.000Z,1537915312477065223
34,1529052664251678721,en,"Here is a simple post on how to create and manage a virtualenv in #python
Let me know what do you think and ask me if you need help! 
https://t.co/Cij5Ax3LKX

#programming #developer #virtualenv #blog #Blogs #100DaysOfCode #100daysofcodechallenge #learning #tutorial",2022-06-17T21:47:01.000Z,1537914738574647301
35,1524419957198831616,en,Made a question game based OOP #Python #100DaysOfCode,2022-06-17T21:44:51.000Z,1537914193248104453
36,1343372118,en,"We deliver unique work üçÜ   
 üíé DM for value-based services  
 #100DaysOfCode 
 #Case study 
 #Econometrics 
 #Math
 #javascript 
 #100DaysOfCode
 #python 
 #python
 #Case study 
 #homework 
 #Philosophy  
 #Econometrics 
 üêì 
 üçë 

 https://t.co/MrEPSqHB5x",2022-06-17T21:44:20.000Z,1537914063786610688
37,1397828857214943235,en,"We ensure professionalism in the work allocated:
‚úìCoursework  
‚úìSpring class
‚úìEssay due
‚úìPay Math
‚úìPay Paper
‚úìHomework
‚úìOnline Class
‚úìPay Assignment
‚úìStatistics
‚úìTerm Paper
‚úìAccounting
‚úìBiology
‚úìChemistry
#100DaysOfCode .
#Python
Email accuratewriters9@gmail.com",2022-06-17T21:41:42.000Z,1537913401082380290
38,1194173687869652992,en,"Who else can relateü•≤?

#programmingmemes #programminghumor #programming #Coding #100DaysOfCode #Python #AI #MachineLearning #javascript #100daysofcodechallenge https://t.co/rcUiDI3tgb",2022-06-17T21:41:37.000Z,1537913379792113664
39,1402185900247953410,en,"DM for assignment help
#payessay
#Homeworkhelp
#EssayHelp
#Essaydue #Assignmenthelp
#payhomework
#paysomeone
#payresearch
#paypaperdue
#paydiscussion
#paycasestudy 
#Essaypay
#onlineclass 
#paystatistics
#python 
#Essay 
#100DaysOfCode
#WomenWhoCode
#NodeJS #IoT #javascript https://t.co/2d9KqLzjU1",2022-06-17T21:41:32.000Z,1537913359512678401
40,3117927641,en,"What complaint do you have??
System Hacked?
Wrong Password ???
Wrong pin??
#MachineLearning #python #loT
#100DaysOfCode #programming
#CodeNewbie
#bugbounty #DataScience #gamedev
#BigData
#Analytics #NeuralNetworks #Cloud
#OpenSource #DEVCommunity",2022-06-17T21:41:05.000Z,1537913244303564801
41,1332714745871421443,en,"NEED a #JOB?
Sign up now https://t.co/o7lVlsCHXv
FREE. NO MIDDLEMAN
#AI #Transport #Python #coding #SelfDrivingCars #100DaysOfCode #digitalart #Industry40 #tech #Robotics #NFTs #cryptocurrency #GameFi #WEB3 #DeFi #DAOs #Metaverse #nftart #HR #Webb #BTC #ETH #Meta #NFT #gamedev https://t.co/jteyYak8Lc",2022-06-17T21:41:00.000Z,1537913224154054660
42,3117927641,en,"media technical
issues and assistances contact US NOW..!!

#MachineLearning #python #loT
#100DaysOfCode #programming
#CodeNewbie
#bugbounty #DataScience #books
#ebooks #machinelearning
#datascience #artificialintelligence",2022-06-17T21:40:53.000Z,1537913194265473028
43,3117927641,en,"Social media technical
issues and assistances DM NOW..

#MachineLearning #python #loT
#100DaysOfCode #programming
#CodeNewbie #books #ebooks
#machinelearning
#datascience #artificialintelligence
#learning
#DataScientist #ad",2022-06-17T21:40:42.000Z,1537913147998150664
44,3117927641,en,"Social media technical
issues and assistances..
DM NOW!!!
#MachineLearning #python #loT
#100DaysOfCode #programming
#CodeNewbie
#bugbounty #DataScience
#programming
#Algorithms
#Coding
#CodingTips
#100DaysOfCode
#100DaysOfMLCode
#MachineLearning
#avascript #webdev #sde",2022-06-17T21:40:31.000Z,1537913101458083840
45,1243665419501744133,en,"""The biggest challenge after success is shutting up about it.""- Criss Jami #softwareengineer #javascript #python #C++ #golang #nodejs #reactjs #stockopertor #highgrowthstocks $SPX $QQQ $RUT $VIX #canslim #100DaysOfCode",2022-06-17T21:40:08.000Z,1537913007648346114
46,1193120599247224832,en,"#Infographic: Top 10 Skills of 2025

#ArtificialIntelligence #AI #ML #MachineLearning #DataScientists #CodeNewbies #deeplearning #CyberSecurity #nocode #Python #Coding  #javascript #rstats #100DaysOfCode #programming #SQL #MLOps #DataScientist #DataScience https://t.co/Dd7msj9189",2022-06-17T21:36:43.000Z,1537912147757346816
47,950755915019452417,en,"Day 11 of #100DaysOfCode 
@coursera had me the whole day
Finished my week 6 of #programming for Everybody
One week to goüòåüòå
@ivybarley @ransfordgenesis @Federal_Sedinam @soja_bo @HolySon2002 @CrentsilRodney @NunguaCurry @MKh_ay @itislavish 
#Python https://t.co/oNGVMKLCn9",2022-06-17T21:34:37.000Z,1537911619224670208
48,1193120599247224832,en,"The #DataScience Lifecycle! üì∂

 shows just how #bigdata &amp; #data #analytics drive both #business &amp; #CX. #MachineLearning #Marketing #Python #AI #IoT #100DaysofCode #Digital #ML #Tech https://t.co/6McPbigSBn",2022-06-17T21:33:04.000Z,1537911228533682177
49,1417581554,en,"Python üêç string ""find()""

Using the ""find()"" string method you can find the index of the first appearance of a substring in a given string.

If the substring is not found the method will return -1.

#100DaysOfCode https://t.co/XUWnDbBOLQ",2022-06-17T21:30:04.000Z,1537910473567309826
50,1332714745871421443,en,"NEED a #JOB?
Sign up now https://t.co/o7lVlsl75X
FREE. NO MIDDLEMAN
#AI #Transport #Python #coding #SelfDrivingCars #100DaysOfCode #digitalart #Industry40 #tech #Robotics #NFTs #cryptocurrency #GameFi #WEB3 #DeFi #DAOs #Metaverse #nftart #HR #Webb #BTC #ETH #Meta #NFT #gamedev https://t.co/1YJMa2uOt8",2022-06-17T21:30:00.000Z,1537910455800369152
51,1101121977870438400,en,@ColdeSarah @Team___RSRA My Ads track ans? Who Maria gave t00Marks &amp; Real RSRA  who never toch the Any device. 53 Nmbrs for me ‚Äò?  Confirm and delete ‚Äò #100DaysOfCode #javascript #Python #programming #ShaahYaan,2022-06-17T21:29:45.000Z,1537910394064228352
52,1949360875,en,#Fresh #chillout #bass #edm #tune: City Lights - Chris Tuttle | #Retweet #AI #rtitbot '@BlazedRTs '@RexRTs '@sme_rt #SpotifyRT #php #react #python #nodejs #flutter #webdev #100daysofcode #sound #design #coding | #Buy the #music https://t.co/YjhHw2ZZw3,2022-06-17T21:28:23.000Z,1537910050009718790
53,1458198944949968904,en,"Day 1 #100DaysOfCode setting up my new pc, downloaded pycharm and worked on loops in Python https://t.co/BXuDAMvVjB",2022-06-17T21:27:35.000Z,1537909849328975876
54,4727891963,de,"Start Python 
#100DaysOfCode",2022-06-17T21:24:51.000Z,1537909160959889414
55,1332714745871421443,en,"NEED a #JOB?
Sign up now https://t.co/o7lVlsl75X
FREE. NO MIDDLEMAN
#AI #Transport #Python #coding #SelfDrivingCars #100DaysOfCode #digitalart #Industry40 #tech #Robotics #NFTs #cryptocurrency #GameFi #WEB3 #DeFi #DAOs #Metaverse #nftart #HR #Webb #BTC #ETH #Meta #NFT #gamedev https://t.co/sCRailUadR",2022-06-17T21:20:00.000Z,1537907938815365120
56,1356359301565186049,en,"Ô£ø Not So Fast Fuck Boi #C 
#100DaysOfCode @Eminem #nft 
#Python #IoT #IIoT #PyTorch #Ad #JavaScript #ReactJS #WordPress #Security #DeFi #buildinginpublic #fintech #insurtech #AI #finserv #marketing #TensorFlow #datavis #Infosec #DevOps #Eminem #eth 
#MLOps #Flutter #HTML #Azure https://t.co/4ty3xMpwqp https://t.co/fctyMvCfdL",2022-06-17T21:19:39.000Z,1537907852013998082
57,1293962156476706818,en,"Day 2 of Python 

I learnt about Python Numbers 
#100DaysOfCode",2022-06-17T21:18:54.000Z,1537907664218312704
58,1288142066082557954,en,"Pay us to do or write your 
#Assignments 
#calculus 
#homework
#Homeworkhelp 
#summerclasses 
#Onlineclass 
#essayhelp 
#Essaydue 
#essaywrite 
#Essays
#Music
#Art
#Law 
#Javascript
#Python
#Programming
#CodeNewbies 
#100daysofcode
#webdevelopment 
#Datascience
Dm us now for help https://t.co/I6jDBoukr4",2022-06-17T21:17:06.000Z,1537907208242900992
59,1381105311419801603,qht,#codingisfun #Python #100DaysOfCode,2022-06-17T21:17:05.000Z,1537907205063647232
60,134434122,en,"#FEATURED #COURSES
Complete #Python #Developer in 2022: Zero to Mastery
How to become a #Python3 Developer and get hired
Build 12+ projects
learn #Web #Development
#Machine #Learning + more
https://t.co/vRkg9EK8Sw
#CodeNewbies #100DaysOfCode #webdevelopment #WomenWhoCode #online https://t.co/cScKzQofiJ",2022-06-17T21:16:27.000Z,1537907047756271616
61,1524278963689951235,en,"Pay us to do or write your 
#Assignments 
#calculus 
#homework
#Homeworkhelp 
#summerclasses 
#Onlineclass 
#essayhelp 
#Essaydue 
#essaywrite 
#Essays
#Music
#Art
#Law 
#Javascript
#Python
#Programming
#CodeNewbies 
#100daysofcode
#webdevelopment 
#Datascience
Dm us now for help https://t.co/bKxF3OGGr2",2022-06-17T21:15:43.000Z,1537906861629771777
62,1519045274651754496,en,"Check out my Gig on Fiverr: I will do 3 modern creative minimalist logo design https://t.co/xQtTEYMoRT 
#logo #design #Mufc #HJPatel #blogger #PyTorch #machinelearning #DataScience #Python #TensorFlow #JavaScript #ReactJS #Flutter #CloudComputing  #WomenWhoCode #100DaysOfCode",2022-06-17T21:15:28.000Z,1537906800452050944
63,1356359301565186049,en,"Ô£ø Back To Real Life
#Python #Roblox #IoT #Azure #Ad #PyTorch #Cython #RStats #Web3 #Java #DeFi #ADA #CSharp #Flutter #SQL #JavaScript #ReactJS #HTML #Linux #CSS #Security #WordPress #fintech #finserv #Infosec #DevOps @KIIARA https://t.co/U7eXquyzgS #trendingkiiara #100DaysOfCode https://t.co/a4Pu60f6hv https://t.co/B8CpYD05Oi",2022-06-17T21:15:18.000Z,1537906756155715584
64,1273173749492219905,en,"How #Crypto #Lender #Celsius Overheated 
https://t.co/9KeAAPeHo7

#cryptocurrencies #MachineLearning #AI #Python #DeepLearning #100DaysOfCode #fintech #nocode #bitcoin #cybersecurity #cybersecurite #metaverse #NFTs #cryptocrash https://t.co/RdoVnvOjDx",2022-06-17T21:15:03.000Z,1537906692310020105
65,1344580703246233601,en,"We have a team of professionals
#Assignmenthelp
#Paper pay 
#python
#homework
#Essay
#100DaysOfCode
#Econometrics
#Math
#homework
#essaywrite
#Casestudy
#javascript
#Homework
#Philosophy
#WomenWhoCode
#NodeJS
#essayhelp
WhatsApp +1 (256) 649-9989",2022-06-17T21:12:53.000Z,1537906148937871366
66,1344580703246233601,en,"We are available to help you out?
calculus
accounting
psychology
essay pay
pay final
write paper
Powerpoint
English
thesis projects 
geography
assignments 
biology.
homework
sociology
#python
#javascript
#WomenWhocode
#100DaysOfCode
WhatsApp +1 (256) 649-9989
dm @Essay_Write25",2022-06-17T21:12:23.000Z,1537906023586885633
67,1247850523446972417,en,"Pay us to do or write your 
#Assignments  
#homework
#Homeworkhelp 
#summerclasses 
#Onlineclass 
#essayhelp 
#Essaydue 
#essaywrite 
#Essays
#Javascript
#Python
#Programming
#CodeNewbies 
#100daysofcode
#webdevelopment 
#Datascience
Dm us now for help
Fit the model() :)",2022-06-17T21:11:54.000Z,1537905899586539520
68,1518928680055017473,en,"#100DaysofCode. Day 53. Solved quite a number of python katas on codewars. Learnt about the ""isinstance"" function.",2022-06-17T21:11:48.000Z,1537905875599273987
69,1344580703246233601,en,"Psychology
History
Trigonometry
Science
Mathlab
Sociology
Thesis.
Chemistry
Pay write,
Essay due.
Someone help
Assignment #homeworkslaves
#python
#javascript
#WomenWhocode
#100DaysOfCode
WhatsApp +1 (256) 649-9989",2022-06-17T21:10:29.000Z,1537905545960562694
70,1344580703246233601,en,"Psychology
History
Trigonometry
Science
Mathlab
Sociology
Thesis.
Chemistry
Pay write,
Essay due.
Someone help
Assignment #homeworkslaves
#python
#javascript
#WomenWhocode
#100DaysOfCode
WhatsApp +1 (256) 649-9989
DM 
@Essay_Write25",2022-06-17T21:10:11.000Z,1537905468961460225
71,4263007693,en,"The November 1974 Arecibo Aliens Message. #BigData #Analytics #DataScience #AI #MachineLearning #IoT #IIoT #Python #RStats #TensorFlow #Java #JavaScript #ReactJS #GoLang #CloudComputing #Serverless #DataScientist #Linux #Programming #Coding #100DaysofCode 
https://t.co/eSnuJNDxXM https://t.co/RffntRXvCC",2022-06-17T21:10:05.000Z,1537905444974342146
72,1524278963689951235,en,"Pay us to do or write your 
#Assignments 
#calculus 
#homework
#Homeworkhelp 
#summerclasses 
#Onlineclass 
#essayhelp 
#Essaydue 
#essaywrite 
#Essays
#Music
#Art
#Law 
#Javascript
#Python
#Programming
#CodeNewbies 
#100daysofcode
#webdevelopment 
#Datascience
Dm us now for help https://t.co/vMKS5Rlhs1",2022-06-17T21:09:59.000Z,1537905419640664064
73,1344580703246233601,en,"ASSIGNMENT HELP
#coding
#javascript 
#psychology 
#Chemistry 
#physics 
#ESSAYPAY
#ASSIGNMENT
#DISSERTATIONS
#DISCUSSIONPOSTDUE
#RESEARCHPAPER 
#DEVCommunity 
#WomenWhoCode 
#freeCodeCamp 
#Python 
#pythonlearning
#100DaysOfCode 
dm 
@Essay_Write25

WhatsApp +1 (256) 649-9989",2022-06-17T21:09:58.000Z,1537905413558980608
74,4860695419,en,"Are you in trouble with #pycharm? 
Check this post and let me know if I can help you in the comments! 

https://t.co/rrDsz5pPLV

#programming #Python #blog #Blogs #pythonprogramming #100DaysOfCode #100daysofcodechallenge #learning #tutorial",2022-06-17T21:09:52.000Z,1537905390859395074
75,1537896337877831680,en,"We are legit to offer you A grade in your
‚úìnursing
‚úìnursing;;;
‚úìchemistry.....,
‚úìfinance
‚úìphysics
‚úìbiology.
‚úìphysi
‚úìchemistry.
‚úìalgebra.
‚úìcalculus..
‚úìhomework...
‚úìessay pay..
Assignment due 
#100DaysOfCode
#WomenWhoCode
#javascript
#Python
‚úìchemistry;s.;..
...",2022-06-17T21:09:48.000Z,1537905373285216257
76,1344580703246233601,en,"We're always online and ready to help you write your 
#Essays 
#Biology 
#assignmenthelp 
#homework
#essay pay
#essay
#Research paper
#Case study 
#Thesis
#Literature
#Nursing
Disertation
#Django
#Python
#100DaysOfCode 
#WomenWhoCode
Dm @Essay_Write25 
 WhatsApp +1 (256) 649-9989",2022-06-17T21:09:38.000Z,1537905330016821248
77,1537896337877831680,en,"We are legit to offer you A grade in your
‚úìnursing
‚úìnursing;;;
‚úìchemistry
‚úìfinance
‚úìphysics
‚úìbiology.
‚úìphysi
‚úìchemistry.
‚úìalgebra.
‚úìcalculus..
‚úìhomework...
‚úìessay pay..
Assignment due 
#100DaysOfCode
#WomenWhoCode
#javascript....
#Python
‚úìchemistry;s.;..
...",2022-06-17T21:09:05.000Z,1537905191348973574
78,1332714745871421443,en,"NEED a #JOB?
Sign up now https://t.co/o7lVlsl75X
FREE. NO MIDDLEMAN
#AI #Transport #Python #coding #SelfDrivingCars #100DaysOfCode #digitalart #Industry40 #tech #Robotics #NFTs #cryptocurrency #GameFi #WEB3 #DeFi #DAOs #Metaverse #nftart #HR #Webb #BTC #ETH #Meta #NFT #gamedev https://t.co/LI2tDZ5c7m",2022-06-17T21:09:00.000Z,1537905170616659968
79,1537896337877831680,en,"We are legit to offer you A grade in your
‚úìnursing
‚úìnursing;;;
‚úìchemistry
‚úìfinance
‚úìphysics
‚úìbiology.
‚úìphysi
‚úìchemistry.
‚úìalgebra.
‚úìcalculus..
‚úìhomework...
‚úìessay pay..
Assignment due 
#100DaysOfCode
#WomenWhoCode
#javascript
#Python
‚úìchemistry;s.;..
...",2022-06-17T21:08:48.000Z,1537905122746912770
80,1513477508284534789,en,"Day 67
Learned about multiprocessing modules in python queue
#100DaysOfCode #100daysofcodechallenge",2022-06-17T21:07:39.000Z,1537904833939722242
81,1288142066082557954,en,"Pay us to do or write your 
#Assignments 
#calculus 
#homework
#Homeworkhelp 
#summerclasses 
#Onlineclass 
#essayhelp 
#Essaydue 
#essaywrite 
#Essays
#Music
#Art
#Law 
#Javascript
#Python
#Programming
#CodeNewbies 
#100daysofcode
#webdevelopment 
#Datascience
Dm us now for help https://t.co/wp3tFZMKvt",2022-06-17T21:07:14.000Z,1537904726557069312
82,1042014117291220992,en,what's stopping you from coding like thisüëÄ#100Daysofcode #javascript #programming #dev #linux #java #programming #CodeNewbie #python #reactjs #bugbounty #DataScience #infosec #gamedev #BigData @programmerjoke9 https://t.co/sBZIyL18yV,2022-06-17T21:06:38.000Z,1537904575415324677
83,4857080218,en,"Assignment and Exam Help!
DM to Place your order 
#Job #Jobs #JobSearch #AI #DataAnalytics #MachineLearning #Python #JavaScript #WomenWhoCode #Programming #Coding #100DaysofCode #DEVCommunity  #gamedevelopment #indiedev #IndieGameDev #PVAMU
 #ASUTwitter #LSU #OSU #A&amp;M #HBCUGrad https://t.co/DuPtEkHccQ",2022-06-17T21:05:52.000Z,1537904381747527684
84,1343372118,en,"We deliver unique work üöó   
 üåª DM for value-based services  
 #100DaysOfCode 
 #python 
 #Case study 
 #homework
 #Essay help 
 #Case study
 #homework 
 #Econometrics
 #javascript 
 #Onlineclass 
 #Case study 
 #javascript 
 üö® 
 üëÑ 

 https://t.co/MrEPSqHB5x",2022-06-17T21:04:24.000Z,1537904014079119360
85,1344580703246233601,en,"For assignment help 
#Assignmentdue
#Essay 
#Python
#Thesis
#python
#CodeNewbie
#OnlineClasses
#Econometrics
#Django
#Coding
#WomenWhoCode 
#100DaysOfCode 

Dm 
@Essay_Write25
 
WhatsApp +1 (256) 649-9989",2022-06-17T21:04:13.000Z,1537903968826761217
86,1344580703246233601,en,"Hire us for;
#book review
#excel
#Project
#math
#Essay due
#English  .
#quiz
#Online classes
#Python
#Javascript 
#Philosophy 
#Paper pay
#Case study
#Assignment due
#Chemistry
physics
#WomenWhoCode
#history
#100DaysOfCode 
dm 
@Essay_Write25
WhatsApp +1 (256) 649-9989",2022-06-17T21:04:00.000Z,1537903913348702208
87,1344580703246233601,en,"DM us for your:
#Paper pay 
#Case study
#essaywrite
#Essay
#Case study
#javascript
#Homework
#Philosophy
#Python 
#History 
#homework
#Onlineclass
#Essaypay
#100DaysOfCode
#Econometrics
#Math
#homework
#WomenWhoCode 
#Assignment due
Dm 
@Essay_Write25 WhatsApp +1 (256) 649-9989",2022-06-17T21:03:35.000Z,1537903809866805250
88,1344580703246233601,en,"Dm for help in your pending
#Paperpay
#Casestudy
#Essaypay
#Econometrics
#Homework
#Thesis
#Philosophy
#Python
#100DaysOfCode
#Sciences
#Finance 
#Math
#Homework
#essaywrite
#Essay 
#Essayhelp
#javascript

Dm 
@Essay_Write25
 
WhatsApp +1 (256) 649-9989",2022-06-17T21:02:55.000Z,1537903642891603968
89,134434122,en,"#FEATURED #COURSES

Machine Learning, Data Science and Deep Learning with Python

Complete hands-on #machine #learning tutorial with #data #science, #Tensorflow, #artificial #intelligence, and neural networks

https://t.co/PaHDf3Y7ms

#python #100daysofcode #coding #udemy https://t.co/YTU1QWrBP4",2022-06-17T21:01:33.000Z,1537903296203001857
90,771102358243860480,en,"5 Algorithms that Changed the World

#Algorithms #math #statistics #DataScience #IoT #IIoT #MachineLearning #AI #KI #100DaysOfCode #Science #MINT #100DaysOfMLCode #coding #EducationForAll #STEM #Analytics #python #security #coding 

https://t.co/0ThR0gAC3h",2022-06-17T21:01:05.000Z,1537903181073510400
91,705539763349164032,en,"#NLP #DeepLearning

Cambridge Quantum Open-Sources 'lambeq': A #Python Library For Experimental Quantum Natural Language Processing (QNLP)

https://t.co/lrRweU00w8 v/ 
@asifrazzaq1988 @Marktechpost ht @pierrepinna

 #Machinelearning #100DaysOfCode #QuantumComputing
Cc @Shi4Tech https://t.co/AqS9vueEdG",2022-06-17T21:01:03.000Z,1537903170105376769
92,877219196513378305,fr,"Comment recevoir des webhooks Github en Python ?: https://t.co/GxIomX3ZUL

J11 #JS #100DaysOfCode #code #developpeurs #Digital #Python #Hoja #ruta #100DaysOfCode #SoftwareDeveloper",2022-06-17T21:00:06.000Z,1537902931864715267
93,1152666427645726720,en,"Basic Python for Data Management, Finance, and Marketing 
Read it now https://t.co/UNBP5swt18 

#Python, #DataScience, #MachineLearning, #programwithus, #pythonlearning, #javascript, #reactjs, #mobileapps, #learntocode, #code, #DEVCommunity, #100DaysOfCode https://t.co/Epz5Q5YTID",2022-06-17T21:00:05.000Z,1537902928895168512
94,1332714745871421443,en,"NEED a #JOB?
Sign up now https://t.co/o7lVlsCHXv
FREE. NO MIDDLEMEN
#WomenWhoCode #Programming #Coding #gamers #indiedev #IndieGameDev #indie #indieauthors #Science #LGBT #LGBTQ #Infosec #100DaysOfCode #cybersecurity #javascript  #GirlsWhoCode #Python #gamedevs #BTC #ETH #HR #NFT https://t.co/xzrz2f3DNl",2022-06-17T21:00:01.000Z,1537902911438524416
95,165329952,en,zero-shot-learning example #DeepLearning #BigData #DataScience #100DaysOfMLCode #Python #PyTorch #TensorFlow #Kaggle #DataScientist #NeuralNetworks #ArtificialIntelligence #Python #100DaysOfMLCode #pythoncode #BigData #100DaysOfCode #pythonprogramming https://t.co/Od6a9Nwzm0,2022-06-17T20:58:36.000Z,1537902555631521792
96,165329952,en,#Python Cheatsheet: 14 #coding interview questions #DeepLearning #BigData #DataScience #100DaysOfMLCode #Python #PyTorch #TensorFlow #Kaggle #DataScientist #code #NeuralNetworks #ArtificialIntelligence #100DaysOfMLCode #pythoncode #BigData #100DaysOfCode https://t.co/z505rI1yrF,2022-06-17T20:57:51.000Z,1537902364861992967
97,1172555629778612226,en,"Those who can manage time can create wealth.

#codingforkids¬† #webdev #frontend 
#DataAnalytics #MachineLearning #BigData #DataScience  #Python #TensorFlow #JavaScript #DataScientist #WomenWhoCode #Programming #Coding #100DaysofCode",2022-06-17T20:56:19.000Z,1537901978373607430
98,1133987393927880704,qme,#Python #pythonprogramming #pythonlearning #freeCodeCamp #network #100DaysOfCode #backend #development #projects #pythonProjects #app #webdevelopment https://t.co/vfPxucbIqO,2022-06-17T20:55:16.000Z,1537901715009073152
99,1311789861930782720,en,"Day 26/100

‚ñ∂Ô∏è Today I practised a few exercises in Python and I'm getting the hang of it.
‚ñ∂Ô∏èContinued with intermediate Python videos -Pandas
All done on @DataCamp
#100DaysOfCode #Python #DataScience #MachineLearning #BigData #DeepLearning #ArtificialIntelligence #WomenWhoCode",2022-06-17T20:55:10.000Z,1537901689130188800
